{
    "('data/realbenchmark/1.txt', 'Apoptosis')": {
        "oritime": 4.329270124435425,
        "propercentage": {
            "0": {
                "protime": 0.34639267921447753,
                "averightrows": 0.8875,
                "averightinrows": 1.0,
                "dncg": 0.8792
            }
        }
    },
    "('data/realbenchmark/1.txt', 'Cas9')": {
        "oritime": 4.430868864059448,
        "propercentage": {
            "0": {
                "protime": 0.37487201690673827,
                "averightrows": 0.9125,
                "averightinrows": 1.0,
                "dncg": 0.8559000000000001
            }
        }
    },
    "('data/realbenchmark/1.txt', 'Cas6')": {
        "oritime": 4.309157848358154,
        "propercentage": {
            "0": {
                "protime": 0.14516105651855468,
                "averightrows": 0.93125,
                "averightinrows": 1.0,
                "dncg": 0.8903000000000001
            }
        }
    },
    "('data/realbenchmark/2.txt', 'SMO')": {
        "oritime": 0.3965120315551758,
        "propercentage": {
            "0": {
                "protime": 0.07268776893615722,
                "averightrows": 0.8203125,
                "averightinrows": 0.9166666666666666,
                "dncg": 0.8710000000000001
            }
        }
    },
    "('data/realbenchmark/2.txt', 'WG_p')": {
        "oritime": 0.40158581733703613,
        "propercentage": {
            "0": {
                "protime": 0.08933930397033692,
                "averightrows": 0.875,
                "averightinrows": 0.75,
                "dncg": 0.9367000000000001
            }
        }
    },
    "('data/realbenchmark/2.txt', 'HH_p')": {
        "oritime": 0.3990356922149658,
        "propercentage": {
            "0": {
                "protime": 0.07717328071594239,
                "averightrows": 0.9921875,
                "averightinrows": 1.0,
                "dncg": 0.99895
            }
        }
    },
    "('data/realbenchmark/3.txt', 'CyclinB1')": {
        "oritime": 0.9662442207336426,
        "propercentage": {
            "0": {
                "protime": 0.6436981678009033,
                "averightrows": 0.96875,
                "averightinrows": 1.0,
                "dncg": 0.5
            }
        }
    },
    "('data/realbenchmark/3.txt', 'cRAF')": {
        "oritime": 0.9581270217895508,
        "propercentage": {
            "0": {
                "protime": 0.33593077659606935,
                "averightrows": 0.9270833333333334,
                "averightinrows": 0.9375,
                "dncg": 0.5
            }
        }
    },
    "('data/realbenchmark/3.txt', 'RB')": {
        "oritime": 0.9499590396881104,
        "propercentage": {
            "0": {
                "protime": 0.48399782180786133,
                "averightrows": 1.0,
                "averightinrows": 1.0,
                "dncg": 0.5
            }
        }
    },
    "('data/realbenchmark/4.txt', 'p70S6K')": {
        "oritime": 0.611907958984375,
        "propercentage": {
            "0": {
                "protime": 0.9636110782623291,
                "averightrows": 0.9958333333333333,
                "averightinrows": 0.9,
                "dncg": 0.994
            }
        }
    },
    "('data/realbenchmark/4.txt', 'mTOR')": {
        "oritime": 0.5718789100646973,
        "propercentage": {
            "0": {
                "protime": 0.4391462802886963,
                "averightrows": 0.9895833333333334,
                "averightinrows": 0.875,
                "dncg": 0.9952500000000001
            }
        }
    },
    "('data/realbenchmark/4.txt', 'PKCa')": {
        "oritime": 0.5627129077911377,
        "propercentage": {
            "0": {
                "protime": 0.5077559471130371,
                "averightrows": 0.9958333333333333,
                "averightinrows": 0.875,
                "dncg": 0.99755
            }
        }
    },
    "('data/realbenchmark/5.txt', 'Sic1')": {
        "oritime": 1.2474210262298584,
        "propercentage": {
            "0": {
                "protime": 0.8139448165893555,
                "averightrows": 0.7072368421052632,
                "averightinrows": 0.796875,
                "dncg": 0.88595
            }
        }
    },
    "('data/realbenchmark/5.txt', 'Cdh1')": {
        "oritime": 1.2627460956573486,
        "propercentage": {
            "0": {
                "protime": 0.7673347473144532,
                "averightrows": 0.8157894736842104,
                "averightinrows": 0.828125,
                "dncg": 0.97075
            }
        }
    },
    "('data/realbenchmark/5.txt', 'Whi5')": {
        "oritime": 1.266601324081421,
        "propercentage": {
            "0": {
                "protime": 0.4952052593231201,
                "averightrows": 0.9210526315789472,
                "averightinrows": 0.796875,
                "dncg": 0.9498
            }
        }
    },
    "('data/realbenchmark/6.txt', 'apoptosis')": {
        "oritime": 1.3065102100372314,
        "propercentage": {
            "0": {
                "protime": 0.13061985969543458,
                "averightrows": 0.8148148148148149,
                "averightinrows": 0.7083333333333333,
                "dncg": 0.9776
            }
        }
    },
    "('data/realbenchmark/6.txt', 'IKK')": {
        "oritime": 1.3070578575134277,
        "propercentage": {
            "0": {
                "protime": 0.18273534774780273,
                "averightrows": 0.986111111111111,
                "averightinrows": 1.0,
                "dncg": 0.4906
            }
        }
    },
    "('data/realbenchmark/6.txt', 'ROS')": {
        "oritime": 1.3141348361968994,
        "propercentage": {
            "0": {
                "protime": 0.19581470489501954,
                "averightrows": 0.8472222222222221,
                "averightinrows": 0.6666666666666667,
                "dncg": 0.8827999999999999
            }
        }
    },
    "('data/realbenchmark/7.txt', 'Closure')": {
        "oritime": 11.51392388343811,
        "propercentage": {
            "0": {
                "protime": 1.9560845375061036,
                "averightrows": 0.9011627906976745,
                "averightinrows": 0.8125,
                "dncg": 0.9341999999999999
            }
        }
    },
    "('data/realbenchmark/7.txt', 'Atrboh')": {
        "oritime": 11.580496072769165,
        "propercentage": {
            "0": {
                "protime": 0.6916009902954101,
                "averightrows": 0.9767441860465116,
                "averightinrows": 1.0,
                "dncg": 0.442
            }
        }
    },
    "('data/realbenchmark/7.txt', 'CaIM')": {
        "oritime": 11.610507011413574,
        "propercentage": {
            "0": {
                "protime": 1.7543853282928468,
                "averightrows": 0.9476744186046512,
                "averightinrows": 0.84375,
                "dncg": 0.87165
            }
        }
    },
    "('data/realbenchmark/8.txt', 'ERBB3')": {
        "oritime": 0.8762249946594238,
        "propercentage": {
            "0": {
                "protime": 0.31516714096069337,
                "averightrows": 1.0,
                "averightinrows": 0.96875,
                "dncg": 1.0
            }
        }
    },
    "('data/realbenchmark/8.txt', 'CyclinD1')": {
        "oritime": 0.9655139446258545,
        "propercentage": {
            "0": {
                "protime": 0.8763651847839355,
                "averightrows": 1.0,
                "averightinrows": 0.859375,
                "dncg": 1.0
            }
        }
    },
    "('data/realbenchmark/8.txt', 'FOXO1_3a')": {
        "oritime": 0.9594807624816895,
        "propercentage": {
            "0": {
                "protime": 0.12825775146484375,
                "averightrows": 1.0,
                "averightinrows": 1.0,
                "dncg": 0.0
            }
        }
    },