{
    "('data/realbenchmark/1.txt', 'Apoptosis')": {
        "oritime": 4.306800127029419,
        "propercentage": {
            "0": {
                "protime": 0.37334656715393066,
                "averightrows": 0.8874999999999998,
                "averightinrows": 1.0,
                "dncg": 0.8792
            }
        }
    },
    "('data/realbenchmark/1.txt', 'Cas9')": {
        "oritime": 4.291105031967163,
        "propercentage": {
            "0": {
                "protime": 0.36992311477661133,
                "averightrows": 0.9125,
                "averightinrows": 1.0,
                "dncg": 0.8559000000000001
            }
        }
    },
    "('data/realbenchmark/1.txt', 'Cas6')": {
        "oritime": 4.262599945068359,
        "propercentage": {
            "0": {
                "protime": 0.2812493642171224,
                "averightrows": 0.8874999999999998,
                "averightinrows": 1.0,
                "dncg": 0.8537
            }
        }
    },
    "('data/realbenchmark/2.txt', 'SMO')": {
        "oritime": 0.39458370208740234,
        "propercentage": {
            "0": {
                "protime": 0.07161148389180501,
                "averightrows": 0.8203125,
                "averightinrows": 0.9166666666666666,
                "dncg": 0.871
            }
        }
    },
    "('data/realbenchmark/2.txt', 'WG_p')": {
        "oritime": 0.40013599395751953,
        "propercentage": {
            "0": {
                "protime": 0.08915797869364421,
                "averightrows": 0.875,
                "averightinrows": 0.75,
                "dncg": 0.9367000000000001
            }
        }
    },
    "('data/realbenchmark/2.txt', 'HH_p')": {
        "oritime": 0.3979148864746094,
        "propercentage": {
            "0": {
                "protime": 0.07715996106465657,
                "averightrows": 0.9921875,
                "averightinrows": 1.0,
                "dncg": 0.9989500000000001
            }
        }
    },
    "('data/realbenchmark/3.txt', 'CyclinB1')": {
        "oritime": 0.9642660617828369,
        "propercentage": {
            "0": {
                "protime": 0.35774970054626465,
                "averightrows": 0.9322916666666666,
                "averightinrows": 0.96875,
                "dncg": 0.5
            }
        }
    },
    "('data/realbenchmark/3.txt', 'cRAF')": {
        "oritime": 0.9606478214263916,
        "propercentage": {
            "0": {
                "protime": 0.3369331359863281,
                "averightrows": 0.9270833333333334,
                "averightinrows": 0.9375,
                "dncg": 0.5
            }
        }
    },
    "('data/realbenchmark/3.txt', 'RB')": {
        "oritime": 0.9707050323486328,
        "propercentage": {
            "0": {
                "protime": 0.47624731063842773,
                "averightrows": 1.0,
                "averightinrows": 1.0,
                "dncg": 0.5
            }
        }
    },
    "('data/realbenchmark/4.txt', 'p70S6K')": {
        "oritime": 0.565161943435669,
        "propercentage": {
            "0": {
                "protime": 0.9370822906494141,
                "averightrows": 0.9958333333333332,
                "averightinrows": 0.9,
                "dncg": 0.9940000000000001
            }
        }
    },
    "('data/realbenchmark/4.txt', 'mTOR')": {
        "oritime": 0.5663197040557861,
        "propercentage": {
            "0": {
                "protime": 0.16140278180440268,
                "averightrows": 0.9895833333333334,
                "averightinrows": 0.875,
                "dncg": 0.99525
            }
        }
    },
    "('data/realbenchmark/4.txt', 'PKCa')": {
        "oritime": 0.5630309581756592,
        "propercentage": {
            "0": {
                "protime": 0.5060969988505045,
                "averightrows": 0.9958333333333332,
                "averightinrows": 0.875,
                "dncg": 0.9975499999999999
            }
        }
    },
    "('data/realbenchmark/5.txt', 'Sic1')": {
        "oritime": 1.2683098316192627,
        "propercentage": {
            "0": {
                "protime": 0.8336604436238607,
                "averightrows": 0.7072368421052632,
                "averightinrows": 0.796875,
                "dncg": 0.8859499999999999
            }
        }
    },
    "('data/realbenchmark/5.txt', 'Cdh1')": {
        "oritime": 1.2704970836639404,
        "propercentage": {
            "0": {
                "protime": 0.7673319975535074,
                "averightrows": 0.8157894736842105,
                "averightinrows": 0.828125,
                "dncg": 0.9707500000000001
            }
        }
    },
    "('data/realbenchmark/5.txt', 'Whi5')": {
        "oritime": 1.2932679653167725,
        "propercentage": {
            "0": {
                "protime": 0.4852596124013265,
                "averightrows": 0.9210526315789473,
                "averightinrows": 0.796875,
                "dncg": 0.9498000000000001
            }
        }
    },
    "('data/realbenchmark/6.txt', 'apoptosis')": {
        "oritime": 1.3118689060211182,
        "propercentage": {
            "0": {
                "protime": 0.057535409927368164,
                "averightrows": 0.7407407407407408,
                "averightinrows": 0.625,
                "dncg": 0.9530499999999998
            }
        }
    },
    "('data/realbenchmark/6.txt', 'IKK')": {
        "oritime": 1.3197128772735596,
        "propercentage": {
            "0": {
                "protime": 0.09050416946411133,
                "averightrows": 0.9768518518518517,
                "averightinrows": 1.0,
                "dncg": 0.43635
            }
        }
    },
    "('data/realbenchmark/6.txt', 'ROS')": {
        "oritime": 1.3191368579864502,
        "propercentage": {
            "0": {
                "protime": 0.1180726687113444,
                "averightrows": 0.8472222222222222,
                "averightinrows": 0.6666666666666666,
                "dncg": 0.8828
            }
        }
    },
    "('data/realbenchmark/7.txt', 'Closure')": {
        "oritime": 11.535770177841187,
        "propercentage": {
            "0": {
                "protime": 1.9536085923512776,
                "averightrows": 0.9011627906976744,
                "averightinrows": 0.8125,
                "dncg": 0.9342
            }
        }
    },
    "('data/realbenchmark/7.txt', 'Atrboh')": {
        "oritime": 11.543037176132202,
        "propercentage": {
            "0": {
                "protime": 0.6934005419413248,
                "averightrows": 0.9767441860465116,
                "averightinrows": 1.0,
                "dncg": 0.442
            }
        }
    },
    "('data/realbenchmark/7.txt', 'CaIM')": {
        "oritime": 11.642136096954346,
        "propercentage": {
            "0": {
                "protime": 1.7659484545389812,
                "averightrows": 0.9476744186046512,
                "averightinrows": 0.84375,
                "dncg": 0.8716500000000001
            }
        }
    },
    "('data/realbenchmark/8.txt', 'ERBB3')": {
        "oritime": 0.8881490230560303,
        "propercentage": {
            "0": {
                "protime": 0.33963672320048016,
                "averightrows": 1.0,
                "averightinrows": 0.96875,
                "dncg": 1.0
            }
        }
    },
    "('data/realbenchmark/8.txt', 'CyclinD1')": {
        "oritime": 0.9639301300048828,
        "propercentage": {
            "0": {
                "protime": 0.9456989765167236,
                "averightrows": 1.0,
                "averightinrows": 0.859375,
                "dncg": 1.0
            }
        }
    },
    "('data/realbenchmark/8.txt', 'FOXO1_3a')": {
        "oritime": 0.955651044845581,
        "propercentage": {
            "0": {
                "protime": 0.10844898223876953,
                "averightrows": 1.0,
                "averightinrows": 1.0,