{
    "('data/realbenchmark/1.txt', 'Apoptosis')": {
        "oritime": 4.301984071731567,
        "propercentage": {
            "0": {
                "protime": 0.25237369537353516,
                "averightrows": 0.8625000000000002,
                "averightinrows": 1.0,
                "dncg": 0.8311999999999999
            }
        }
    },
    "('data/realbenchmark/1.txt', 'Cas9')": {
        "oritime": 4.298151969909668,
        "propercentage": {
            "0": {
                "protime": 0.3473912874857585,
                "averightrows": 0.9125,
                "averightinrows": 1.0,
                "dncg": 0.8420000000000001
            }
        }
    },
    "('data/realbenchmark/1.txt', 'Cas6')": {
        "oritime": 4.2549378871917725,
        "propercentage": {
            "0": {
                "protime": 0.12903269131978354,
                "averightrows": 0.8625000000000002,
                "averightinrows": 0.5,
                "dncg": 0.79215
            }
        }
    },
    "('data/realbenchmark/2.txt', 'SMO')": {
        "oritime": 0.39862918853759766,
        "propercentage": {
            "0": {
                "protime": 0.05257105827331543,
                "averightrows": 0.8046875,
                "averightinrows": 0.8333333333333334,
                "dncg": 0.87335
            }
        }
    },
    "('data/realbenchmark/2.txt', 'WG_p')": {
        "oritime": 0.3989570140838623,
        "propercentage": {
            "0": {
                "protime": 0.0903627077738444,
                "averightrows": 0.8203125,
                "averightinrows": 0.75,
                "dncg": 0.8333
            }
        }
    },
    "('data/realbenchmark/2.txt', 'HH_p')": {
        "oritime": 0.3925769329071045,
        "propercentage": {
            "0": {
                "protime": 0.07989335060119629,
                "averightrows": 0.9921875,
                "averightinrows": 1.0,
                "dncg": 0.9989500000000001
            }
        }
    },
    "('data/realbenchmark/3.txt', 'CyclinB1')": {
        "oritime": 0.964205265045166,
        "propercentage": {
            "0": {
                "protime": 0.6423844496409098,
                "averightrows": 0.96875,
                "averightinrows": 1.0,
                "dncg": 0.5
            }
        }
    },
    "('data/realbenchmark/3.txt', 'cRAF')": {
        "oritime": 0.9562299251556396,
        "propercentage": {
            "0": {
                "protime": 0.3381049633026123,
                "averightrows": 0.9270833333333334,
                "averightinrows": 0.9375,
                "dncg": 0.5
            }
        }
    },
    "('data/realbenchmark/3.txt', 'RB')": {
        "oritime": 0.9605369567871094,
        "propercentage": {
            "0": {
                "protime": 0.4758414427439372,
                "averightrows": 1.0,
                "averightinrows": 1.0,
                "dncg": 0.5
            }
        }
    },
    "('data/realbenchmark/4.txt', 'p70S6K')": {
        "oritime": 0.5630650520324707,
        "propercentage": {
            "0": {
                "protime": 0.9553916454315186,
                "averightrows": 0.9770833333333333,
                "averightinrows": 0.9,
                "dncg": 0.9931
            }
        }
    },
    "('data/realbenchmark/4.txt', 'mTOR')": {
        "oritime": 0.5726809501647949,
        "propercentage": {
            "0": {
                "protime": 0.44548487663269043,
                "averightrows": 0.9375,
                "averightinrows": 0.875,
                "dncg": 0.98935
            }
        }
    },
    "('data/realbenchmark/4.txt', 'PKCa')": {
        "oritime": 0.5691630840301514,
        "propercentage": {
            "0": {
                "protime": 0.5003561973571777,
                "averightrows": 0.93125,
                "averightinrows": 0.875,
                "dncg": 0.88455
            }
        }
    },
    "('data/realbenchmark/5.txt', 'Sic1')": {
        "oritime": 1.2464540004730225,
        "propercentage": {
            "0": {
                "protime": 0.8088409900665283,
                "averightrows": 0.7335526315789473,
                "averightinrows": 0.796875,
                "dncg": 0.8956
            }
        }
    },
    "('data/realbenchmark/5.txt', 'Cdh1')": {
        "oritime": 1.2578208446502686,
        "propercentage": {
            "0": {
                "protime": 0.7578682899475098,
                "averightrows": 0.8289473684210527,
                "averightinrows": 0.828125,
                "dncg": 0.9398500000000002
            }
        }
    },
    "('data/realbenchmark/5.txt', 'Whi5')": {
        "oritime": 1.27640700340271,
        "propercentage": {
            "0": {
                "protime": 0.48305773735046387,
                "averightrows": 0.9210526315789473,
                "averightinrows": 0.796875,
                "dncg": 0.9498000000000001
            }
        }
    },
    "('data/realbenchmark/6.txt', 'apoptosis')": {
        "oritime": 1.3089599609375,
        "propercentage": {
            "0": {
                "protime": 0.1655460993448893,
                "averightrows": 0.7916666666666666,
                "averightinrows": 0.7083333333333334,
                "dncg": 0.9665500000000001
            }
        }
    },
    "('data/realbenchmark/6.txt', 'IKK')": {
        "oritime": 1.302720069885254,
        "propercentage": {
            "0": {
                "protime": 0.18976569175720215,
                "averightrows": 0.9861111111111112,
                "averightinrows": 1.0,
                "dncg": 0.4906
            }
        }
    },
    "('data/realbenchmark/6.txt', 'ROS')": {
        "oritime": 1.3100149631500244,
        "propercentage": {
            "0": {
                "protime": 0.20973467826843262,
                "averightrows": 0.8472222222222222,
                "averightinrows": 0.6666666666666666,
                "dncg": 0.8828
            }
        }
    },
    "('data/realbenchmark/7.txt', 'Closure')": {
        "oritime": 11.599645376205444,
        "propercentage": {
            "0": {
                "protime": 2.111966689427694,
                "averightrows": 0.9098837209302326,
                "averightinrows": 0.8125,
                "dncg": 0.9367
            }
        }
    },
    "('data/realbenchmark/7.txt', 'Atrboh')": {
        "oritime": 12.060320854187012,
        "propercentage": {
            "0": {
                "protime": 0.7040615876515707,
                "averightrows": 0.9767441860465116,
                "averightinrows": 1.0,
                "dncg": 0.442
            }
        }
    },
    "('data/realbenchmark/7.txt', 'CaIM')": {
        "oritime": 11.608971118927002,
        "propercentage": {
            "0": {
                "protime": 1.7370678583780925,
                "averightrows": 0.9215116279069767,
                "averightinrows": 0.84375,
                "dncg": 0.8247500000000002
            }
        }
    },
    "('data/realbenchmark/8.txt', 'ERBB3')": {
        "oritime": 0.8861300945281982,
        "propercentage": {
            "0": {
                "protime": 0.3422580560048421,
                "averightrows": 1.0,
                "averightinrows": 0.96875,
                "dncg": 1.0
            }
        }
    },
    "('data/realbenchmark/8.txt', 'CyclinD1')": {
        "oritime": 0.958219051361084,
        "propercentage": {
            "0": {
                "protime": 0.9462072054545084,
                "averightrows": 1.0,
                "averightinrows": 0.859375,
                "dncg": 1.0
            }
        }
    },
    "('data/realbenchmark/8.txt', 'FOXO1_3a')": {
        "oritime": 0.9551301002502441,
        "propercentage": {
            "0": {
                "protime": 0.11038645108540852,
                "averightrows": 1.0,
                "averightinrows": 1.0,
                "dncg": 0.0
            }
        }
    },