{
    "('data/realbenchmark/1.txt', 'Apoptosis')": {
        "oritime": 4.325093030929565,
        "propercentage": {
            "0": {
                "protime": 0.2513853708902995,
                "averightrows": 0.93125,
                "averightinrows": 1.0,
                "dncg": 0.89535
            }
        }
    },
    "('data/realbenchmark/1.txt', 'Cas9')": {
        "oritime": 4.318655014038086,
        "propercentage": {
            "0": {
                "protime": 0.41884533564249676,
                "averightrows": 0.9250000000000002,
                "averightinrows": 1.0,
                "dncg": 0.868
            }
        }
    },
    "('data/realbenchmark/1.txt', 'Cas6')": {
        "oritime": 4.313282251358032,
        "propercentage": {
            "0": {
                "protime": 0.12688120206197104,
                "averightrows": 0.88125,
                "averightinrows": 0.5,
                "dncg": 0.82235
            }
        }
    },
    "('data/realbenchmark/2.txt', 'SMO')": {
        "oritime": 0.39886474609375,
        "propercentage": {
            "0": {
                "protime": 0.07199184099833171,
                "averightrows": 0.8203125,
                "averightinrows": 0.9166666666666666,
                "dncg": 0.871
            }
        }
    },
    "('data/realbenchmark/2.txt', 'WG_p')": {
        "oritime": 0.4000358581542969,
        "propercentage": {
            "0": {
                "protime": 0.12903141975402832,
                "averightrows": 0.875,
                "averightinrows": 0.9166666666666666,
                "dncg": 0.9367000000000001
            }
        }
    },
    "('data/realbenchmark/2.txt', 'HH_p')": {
        "oritime": 0.39942288398742676,
        "propercentage": {
            "0": {
                "protime": 0.0769648551940918,
                "averightrows": 0.9921875,
                "averightinrows": 1.0,
                "dncg": 0.9989500000000001
            }
        }
    },
    "('data/realbenchmark/3.txt', 'CyclinB1')": {
        "oritime": 0.9793131351470947,
        "propercentage": {
            "0": {
                "protime": 0.42911895116170246,
                "averightrows": 0.9322916666666666,
                "averightinrows": 0.96875,
                "dncg": 0.5
            }
        }
    },
    "('data/realbenchmark/3.txt', 'cRAF')": {
        "oritime": 0.9584381580352783,
        "propercentage": {
            "0": {
                "protime": 0.3908067544301351,
                "averightrows": 0.9270833333333334,
                "averightinrows": 0.90625,
                "dncg": 0.5
            }
        }
    },
    "('data/realbenchmark/3.txt', 'RB')": {
        "oritime": 0.9615912437438965,
        "propercentage": {
            "0": {
                "protime": 0.36519209543863934,
                "averightrows": 1.0,
                "averightinrows": 1.0,
                "dncg": 0.5
            }
        }
    },
    "('data/realbenchmark/4.txt', 'p70S6K')": {
        "oritime": 0.5671117305755615,
        "propercentage": {
            "0": {
                "protime": 0.9385902881622314,
                "averightrows": 0.9958333333333332,
                "averightinrows": 0.9,
                "dncg": 0.9940000000000001
            }
        }
    },
    "('data/realbenchmark/4.txt', 'mTOR')": {
        "oritime": 0.57497239112854,
        "propercentage": {
            "0": {
                "protime": 0.1598036289215088,
                "averightrows": 0.9895833333333334,
                "averightinrows": 0.875,
                "dncg": 0.99525
            }
        }
    },
    "('data/realbenchmark/4.txt', 'PKCa')": {
        "oritime": 0.5663261413574219,
        "propercentage": {
            "0": {
                "protime": 0.5049888292948405,
                "averightrows": 0.9958333333333332,
                "averightinrows": 0.875,
                "dncg": 0.9975499999999999
            }
        }
    },
    "('data/realbenchmark/5.txt', 'Sic1')": {
        "oritime": 1.2610931396484375,
        "propercentage": {
            "0": {
                "protime": 1.1127451260884602,
                "averightrows": 0.7302631578947368,
                "averightinrows": 0.8125,
                "dncg": 0.9634
            }
        }
    },
    "('data/realbenchmark/5.txt', 'Cdh1')": {
        "oritime": 1.2638390064239502,
        "propercentage": {
            "0": {
                "protime": 1.0903669993082683,
                "averightrows": 0.8223684210526315,
                "averightinrows": 0.796875,
                "dncg": 0.9711500000000001
            }
        }
    },
    "('data/realbenchmark/5.txt', 'Whi5')": {
        "oritime": 1.2719931602478027,
        "propercentage": {
            "0": {
                "protime": 0.665369987487793,
                "averightrows": 0.9375,
                "averightinrows": 0.796875,
                "dncg": 0.9027
            }
        }
    },
    "('data/realbenchmark/6.txt', 'apoptosis')": {
        "oritime": 1.328542947769165,
        "propercentage": {
            "0": {
                "protime": 0.16485110918680826,
                "averightrows": 0.8148148148148149,
                "averightinrows": 0.7083333333333334,
                "dncg": 0.9776000000000001
            }
        }
    },
    "('data/realbenchmark/6.txt', 'IKK')": {
        "oritime": 1.3258640766143799,
        "propercentage": {
            "0": {
                "protime": 0.19057416915893555,
                "averightrows": 0.9861111111111112,
                "averightinrows": 1.0,
                "dncg": 0.4906
            }
        }
    },
    "('data/realbenchmark/6.txt', 'ROS')": {
        "oritime": 1.3364989757537842,
        "propercentage": {
            "0": {
                "protime": 0.21628872553507486,
                "averightrows": 0.8472222222222222,
                "averightinrows": 0.6666666666666666,
                "dncg": 0.8828
            }
        }
    },
    "('data/realbenchmark/7.txt', 'Closure')": {
        "oritime": 11.607240915298462,
        "propercentage": {
            "0": {
                "protime": 1.937430779139201,
                "averightrows": 0.9011627906976744,
                "averightinrows": 0.8125,
                "dncg": 0.9342
            }
        }
    },
    "('data/realbenchmark/7.txt', 'Atrboh')": {
        "oritime": 11.610183238983154,
        "propercentage": {
            "0": {
                "protime": 0.8009773890177408,
                "averightrows": 0.9883720930232558,
                "averightinrows": 1.0,
                "dncg": 0.4739
            }
        }
    },
    "('data/realbenchmark/7.txt', 'CaIM')": {
        "oritime": 11.681228876113892,
        "propercentage": {
            "0": {
                "protime": 2.186374028523763,
                "averightrows": 0.8953488372093025,
                "averightinrows": 0.84375,
                "dncg": 0.8019000000000002
            }
        }
    },
    "('data/realbenchmark/8.txt', 'ERBB3')": {
        "oritime": 0.8888211250305176,
        "propercentage": {
            "0": {
                "protime": 0.41757980982462567,
                "averightrows": 1.0,
                "averightinrows": 0.96875,
                "dncg": 1.0
            }
        }
    },
    "('data/realbenchmark/8.txt', 'CyclinD1')": {
        "oritime": 0.964346170425415,
        "propercentage": {
            "0": {
                "protime": 1.0817405382792156,
                "averightrows": 1.0,
                "averightinrows": 0.90625,
                "dncg": 1.0
            }
        }
    },
    "('data/realbenchmark/8.txt', 'FOXO1_3a')": {
        "oritime": 0.956043004989624,
        "propercentage": {
            "0": {
                "protime": 0.10538299878438313,
                "averightrows": 1.0,
                "averightinrows": 1.0,