{
    "('data/realbenchmark/1.txt', 'Apoptosis')": {
        "oritime": 4.326499700546265,
        "propercentage": {
            "0": {
                "protime": 0.2552176952362061,
                "averightrows": 0.93125,
                "averightinrows": 1.0,
                "dncg": 0.89535
            }
        }
    },
    "('data/realbenchmark/1.txt', 'Cas9')": {
        "oritime": 4.31235933303833,
        "propercentage": {
            "0": {
                "protime": 0.41887612342834474,
                "averightrows": 0.925,
                "averightinrows": 1.0,
                "dncg": 0.8680000000000001
            }
        }
    },
    "('data/realbenchmark/1.txt', 'Cas6')": {
        "oritime": 4.265354871749878,
        "propercentage": {
            "0": {
                "protime": 0.12900042533874512,
                "averightrows": 0.88125,
                "averightinrows": 0.5,
                "dncg": 0.8223499999999999
            }
        }
    },
    "('data/realbenchmark/2.txt', 'SMO')": {
        "oritime": 0.39583325386047363,
        "propercentage": {
            "0": {
                "protime": 0.07344579696655273,
                "averightrows": 0.8203125,
                "averightinrows": 0.9166666666666666,
                "dncg": 0.8710000000000001
            }
        }
    },
    "('data/realbenchmark/2.txt', 'WG_p')": {
        "oritime": 0.4020678997039795,
        "propercentage": {
            "0": {
                "protime": 0.13029966354370118,
                "averightrows": 0.875,
                "averightinrows": 0.9166666666666666,
                "dncg": 0.9367000000000001
            }
        }
    },
    "('data/realbenchmark/2.txt', 'HH_p')": {
        "oritime": 0.39449095726013184,
        "propercentage": {
            "0": {
                "protime": 0.07676196098327637,
                "averightrows": 0.9921875,
                "averightinrows": 1.0,
                "dncg": 0.99895
            }
        }
    },
    "('data/realbenchmark/3.txt', 'CyclinB1')": {
        "oritime": 0.959928035736084,
        "propercentage": {
            "0": {
                "protime": 1.6031379699707031,
                "averightrows": 0.9583333333333334,
                "averightinrows": 1.0,
                "dncg": 0.5
            }
        }
    },
    "('data/realbenchmark/3.txt', 'cRAF')": {
        "oritime": 0.9597480297088623,
        "propercentage": {
            "0": {
                "protime": 0.3892180919647217,
                "averightrows": 0.9270833333333334,
                "averightinrows": 0.90625,
                "dncg": 0.5
            }
        }
    },
    "('data/realbenchmark/3.txt', 'RB')": {
        "oritime": 0.9584698677062988,
        "propercentage": {
            "0": {
                "protime": 1.1631886959075928,
                "averightrows": 1.0,
                "averightinrows": 1.0,
                "dncg": 0.5
            }
        }
    },
    "('data/realbenchmark/4.txt', 'p70S6K')": {
        "oritime": 0.5566511154174805,
        "propercentage": {
            "0": {
                "protime": 0.9291828632354736,
                "averightrows": 0.9958333333333333,
                "averightinrows": 0.9,
                "dncg": 0.994
            }
        }
    },
    "('data/realbenchmark/4.txt', 'mTOR')": {
        "oritime": 0.5685932636260986,
        "propercentage": {
            "0": {
                "protime": 0.16049799919128419,
                "averightrows": 0.9895833333333334,
                "averightinrows": 0.875,
                "dncg": 0.9952500000000001
            }
        }
    },
    "('data/realbenchmark/4.txt', 'PKCa')": {
        "oritime": 0.5645670890808105,
        "propercentage": {
            "0": {
                "protime": 0.4992237567901611,
                "averightrows": 0.9958333333333333,
                "averightinrows": 0.875,
                "dncg": 0.99755
            }
        }
    },
    "('data/realbenchmark/5.txt', 'Sic1')": {
        "oritime": 1.24898099899292,
        "propercentage": {
            "0": {
                "protime": 1.1345754623413087,
                "averightrows": 0.736842105263158,
                "averightinrows": 0.828125,
                "dncg": 0.9595
            }
        }
    },
    "('data/realbenchmark/5.txt', 'Cdh1')": {
        "oritime": 1.2708148956298828,
        "propercentage": {
            "0": {
                "protime": 0.7635928153991699,
                "averightrows": 0.8157894736842104,
                "averightinrows": 0.828125,
                "dncg": 0.97075
            }
        }
    },
    "('data/realbenchmark/5.txt', 'Whi5')": {
        "oritime": 1.263761043548584,
        "propercentage": {
            "0": {
                "protime": 0.6719284534454346,
                "averightrows": 0.9375,
                "averightinrows": 0.796875,
                "dncg": 0.9027000000000001
            }
        }
    },
    "('data/realbenchmark/6.txt', 'apoptosis')": {
        "oritime": 1.3183538913726807,
        "propercentage": {
            "0": {
                "protime": 0.16588325500488282,
                "averightrows": 0.8148148148148149,
                "averightinrows": 0.7083333333333333,
                "dncg": 0.9776
            }
        }
    },
    "('data/realbenchmark/6.txt', 'IKK')": {
        "oritime": 1.3144237995147705,
        "propercentage": {
            "0": {
                "protime": 0.18926806449890138,
                "averightrows": 0.986111111111111,
                "averightinrows": 1.0,
                "dncg": 0.4906
            }
        }
    },
    "('data/realbenchmark/6.txt', 'ROS')": {
        "oritime": 1.3222918510437012,
        "propercentage": {
            "0": {
                "protime": 0.21277256011962892,
                "averightrows": 0.8472222222222221,
                "averightinrows": 0.6666666666666667,
                "dncg": 0.8827999999999999
            }
        }
    },
    "('data/realbenchmark/7.txt', 'Closure')": {
        "oritime": 11.518295764923096,
        "propercentage": {
            "0": {
                "protime": 1.9652295112609863,
                "averightrows": 0.9011627906976745,
                "averightinrows": 0.8125,
                "dncg": 0.9341999999999999
            }
        }
    },
    "('data/realbenchmark/7.txt', 'Atrboh')": {
        "oritime": 11.47884202003479,
        "propercentage": {
            "0": {
                "protime": 0.7929199695587158,
                "averightrows": 0.9883720930232558,
                "averightinrows": 1.0,
                "dncg": 0.4739
            }
        }
    },
    "('data/realbenchmark/7.txt', 'CaIM')": {
        "oritime": 11.493421077728271,
        "propercentage": {
            "0": {
                "protime": 2.1759411334991454,
                "averightrows": 0.8953488372093024,
                "averightinrows": 0.84375,
                "dncg": 0.8019000000000001
            }
        }
    },
    "('data/realbenchmark/8.txt', 'ERBB3')": {
        "oritime": 0.8876149654388428,
        "propercentage": {
            "0": {
                "protime": 0.2985682487487793,
                "averightrows": 1.0,
                "averightinrows": 0.96875,
                "dncg": 1.0
            }
        }
    },
    "('data/realbenchmark/8.txt', 'CyclinD1')": {
        "oritime": 0.9517378807067871,
        "propercentage": {
            "0": {
                "protime": 0.8945560932159424,
                "averightrows": 1.0,
                "averightinrows": 0.859375,
                "dncg": 1.0
            }
        }
    },
    "('data/realbenchmark/8.txt', 'FOXO1_3a')": {
        "oritime": 0.9578168392181396,
        "propercentage": {
            "0": {
                "protime": 0.11009931564331055,
                "averightrows": 1.0,
                "averightinrows": 1.0,