{
    "('data/realbenchmark/1.txt', 'Apoptosis')": {
        "oritime": 4.302762031555176,
        "propercentage": {
            "0": {
                "protime": 0.2969784736633301,
                "averightrows": 0.8625,
                "averightinrows": 1.0,
                "dncg": 0.8311999999999999
            }
        }
    },
    "('data/realbenchmark/1.txt', 'Cas9')": {
        "oritime": 4.347269773483276,
        "propercentage": {
            "0": {
                "protime": 0.3988981246948242,
                "averightrows": 0.9125,
                "averightinrows": 1.0,
                "dncg": 0.8420000000000002
            }
        }
    },
    "('data/realbenchmark/1.txt', 'Cas6')": {
        "oritime": 4.401944875717163,
        "propercentage": {
            "0": {
                "protime": 0.32025146484375,
                "averightrows": 0.93125,
                "averightinrows": 1.0,
                "dncg": 0.8903000000000001
            }
        }
    },
    "('data/realbenchmark/2.txt', 'SMO')": {
        "oritime": 0.41286516189575195,
        "propercentage": {
            "0": {
                "protime": 0.09708385467529297,
                "averightrows": 0.7890625,
                "averightinrows": 0.9166666666666666,
                "dncg": 0.8327
            }
        }
    },
    "('data/realbenchmark/2.txt', 'WG_p')": {
        "oritime": 0.4364302158355713,
        "propercentage": {
            "0": {
                "protime": 0.0928232192993164,
                "averightrows": 0.8203125,
                "averightinrows": 0.75,
                "dncg": 0.8333
            }
        }
    },
    "('data/realbenchmark/2.txt', 'HH_p')": {
        "oritime": 0.39571404457092285,
        "propercentage": {
            "0": {
                "protime": 0.07756662368774414,
                "averightrows": 0.9921875,
                "averightinrows": 1.0,
                "dncg": 0.99895
            }
        }
    },
    "('data/realbenchmark/3.txt', 'CyclinB1')": {
        "oritime": 0.9728908538818359,
        "propercentage": {
            "0": {
                "protime": 0.6176896572113038,
                "averightrows": 0.9635416666666666,
                "averightinrows": 0.96875,
                "dncg": 0.165
            }
        }
    },
    "('data/realbenchmark/3.txt', 'cRAF')": {
        "oritime": 1.0473361015319824,
        "propercentage": {
            "0": {
                "protime": 0.3569345951080322,
                "averightrows": 0.9270833333333334,
                "averightinrows": 0.9375,
                "dncg": 0.5
            }
        }
    },
    "('data/realbenchmark/3.txt', 'RB')": {
        "oritime": 0.9883079528808594,
        "propercentage": {
            "0": {
                "protime": 1.0817406177520752,
                "averightrows": 1.0,
                "averightinrows": 1.0,
                "dncg": 0.5
            }
        }
    },
    "('data/realbenchmark/4.txt', 'p70S6K')": {
        "oritime": 0.5684852600097656,
        "propercentage": {
            "0": {
                "protime": 0.9701423168182373,
                "averightrows": 0.9770833333333332,
                "averightinrows": 0.9,
                "dncg": 0.9930999999999999
            }
        }
    },
    "('data/realbenchmark/4.txt', 'mTOR')": {
        "oritime": 0.575026273727417,
        "propercentage": {
            "0": {
                "protime": 0.4410863399505615,
                "averightrows": 0.9375,
                "averightinrows": 0.875,
                "dncg": 0.98935
            }
        }
    },
    "('data/realbenchmark/4.txt', 'PKCa')": {
        "oritime": 0.5776619911193848,
        "propercentage": {
            "0": {
                "protime": 0.5089593887329101,
                "averightrows": 0.93125,
                "averightinrows": 0.875,
                "dncg": 0.88455
            }
        }
    },
    "('data/realbenchmark/5.txt', 'Sic1')": {
        "oritime": 1.2565078735351562,
        "propercentage": {
            "0": {
                "protime": 0.8588352203369141,
                "averightrows": 0.7138157894736843,
                "averightinrows": 0.796875,
                "dncg": 0.8942499999999999
            }
        }
    },
    "('data/realbenchmark/5.txt', 'Cdh1')": {
        "oritime": 1.260817050933838,
        "propercentage": {
            "0": {
                "protime": 1.1174007415771485,
                "averightrows": 0.8355263157894737,
                "averightinrows": 0.796875,
                "dncg": 0.9404999999999999
            }
        }
    },
    "('data/realbenchmark/5.txt', 'Whi5')": {
        "oritime": 1.2537808418273926,
        "propercentage": {
            "0": {
                "protime": 0.5025760650634765,
                "averightrows": 0.9210526315789472,
                "averightinrows": 0.796875,
                "dncg": 0.9498
            }
        }
    },
    "('data/realbenchmark/6.txt', 'apoptosis')": {
        "oritime": 1.2973768711090088,
        "propercentage": {
            "0": {
                "protime": 0.10986151695251464,
                "averightrows": 0.6666666666666667,
                "averightinrows": 0.625,
                "dncg": 0.92515
            }
        }
    },
    "('data/realbenchmark/6.txt', 'IKK')": {
        "oritime": 1.3125159740447998,
        "propercentage": {
            "0": {
                "protime": 0.10399832725524902,
                "averightrows": 0.9768518518518519,
                "averightinrows": 1.0,
                "dncg": 0.43635
            }
        }
    },
    "('data/realbenchmark/6.txt', 'ROS')": {
        "oritime": 1.3146228790283203,
        "propercentage": {
            "0": {
                "protime": 0.18959517478942872,
                "averightrows": 0.8194444444444444,
                "averightinrows": 0.6666666666666667,
                "dncg": 0.87705
            }
        }
    },
    "('data/realbenchmark/7.txt', 'Closure')": {
        "oritime": 11.399444103240967,
        "propercentage": {
            "0": {
                "protime": 1.9575992107391358,
                "averightrows": 0.9011627906976745,
                "averightinrows": 0.8125,
                "dncg": 0.9341999999999999
            }
        }
    },
    "('data/realbenchmark/7.txt', 'Atrboh')": {
        "oritime": 11.652023077011108,
        "propercentage": {
            "0": {
                "protime": 0.6935840606689453,
                "averightrows": 0.9767441860465116,
                "averightinrows": 1.0,
                "dncg": 0.442
            }
        }
    },
    "('data/realbenchmark/7.txt', 'CaIM')": {
        "oritime": 11.649735927581787,
        "propercentage": {
            "0": {
                "protime": 1.7575042247772217,
                "averightrows": 0.930232558139535,
                "averightinrows": 0.84375,
                "dncg": 0.86595
            }
        }
    },
    "('data/realbenchmark/8.txt', 'ERBB3')": {
        "oritime": 0.8869121074676514,
        "propercentage": {
            "0": {
                "protime": 0.380552339553833,
                "averightrows": 0.9945652173913043,
                "averightinrows": 0.96875,
                "dncg": 0.99275
            }
        }
    },
    "('data/realbenchmark/8.txt', 'CyclinD1')": {
        "oritime": 0.9633121490478516,
        "propercentage": {
            "0": {
                "protime": 1.0375228881835938,
                "averightrows": 1.0,
                "averightinrows": 0.859375,
                "dncg": 1.0
            }
        }
    },
    "('data/realbenchmark/8.txt', 'FOXO1_3a')": {
        "oritime": 0.9636709690093994,
        "propercentage": {
            "0": {
                "protime": 0.13377084732055664,
                "averightrows": 1.0,
                "averightinrows": 1.0,
                "dncg": 0.0
            }
        }
    },