{
    "('data/realbenchmark/1.txt', 'Apoptosis')": {
        "oritime": 4.308173894882202,
        "propercentage": {
            "0": {
                "protime": 0.4006024360656738,
                "averightrows": 0.8875,
                "averightinrows": 1.0,
                "dncg": 0.8792
            }
        }
    },
    "('data/realbenchmark/1.txt', 'Cas9')": {
        "oritime": 4.345741271972656,
        "propercentage": {
            "0": {
                "protime": 0.45040321350097656,
                "averightrows": 0.9125,
                "averightinrows": 1.0,
                "dncg": 0.8559000000000001
            }
        }
    },
    "('data/realbenchmark/1.txt', 'Cas6')": {
        "oritime": 4.292871952056885,
        "propercentage": {
            "0": {
                "protime": 0.4069661617279053,
                "averightrows": 0.8875,
                "averightinrows": 1.0,
                "dncg": 0.8537000000000001
            }
        }
    },
    "('data/realbenchmark/2.txt', 'SMO')": {
        "oritime": 0.3939337730407715,
        "propercentage": {
            "0": {
                "protime": 0.07248296737670898,
                "averightrows": 0.8203125,
                "averightinrows": 0.9166666666666666,
                "dncg": 0.8710000000000001
            }
        }
    },
    "('data/realbenchmark/2.txt', 'WG_p')": {
        "oritime": 0.4033639430999756,
        "propercentage": {
            "0": {
                "protime": 0.12964458465576173,
                "averightrows": 0.875,
                "averightinrows": 0.9166666666666666,
                "dncg": 0.9367000000000001
            }
        }
    },
    "('data/realbenchmark/2.txt', 'HH_p')": {
        "oritime": 0.3947732448577881,
        "propercentage": {
            "0": {
                "protime": 0.07662487030029297,
                "averightrows": 0.9921875,
                "averightinrows": 1.0,
                "dncg": 0.99895
            }
        }
    },
    "('data/realbenchmark/3.txt', 'CyclinB1')": {
        "oritime": 0.9775800704956055,
        "propercentage": {
            "0": {
                "protime": 1.4290018558502198,
                "averightrows": 0.953125,
                "averightinrows": 1.0,
                "dncg": 0.5
            }
        }
    },
    "('data/realbenchmark/3.txt', 'cRAF')": {
        "oritime": 0.9484128952026367,
        "propercentage": {
            "0": {
                "protime": 0.39063224792480467,
                "averightrows": 0.9270833333333334,
                "averightinrows": 0.90625,
                "dncg": 0.5
            }
        }
    },
    "('data/realbenchmark/3.txt', 'RB')": {
        "oritime": 0.9636149406433105,
        "propercentage": {
            "0": {
                "protime": 1.0844101905822754,
                "averightrows": 1.0,
                "averightinrows": 1.0,
                "dncg": 0.5
            }
        }
    },
    "('data/realbenchmark/4.txt', 'p70S6K')": {
        "oritime": 0.6257469654083252,
        "propercentage": {
            "0": {
                "protime": 0.9405884265899658,
                "averightrows": 0.9958333333333333,
                "averightinrows": 0.9,
                "dncg": 0.994
            }
        }
    },
    "('data/realbenchmark/4.txt', 'mTOR')": {
        "oritime": 0.5637860298156738,
        "propercentage": {
            "0": {
                "protime": 0.1616133689880371,
                "averightrows": 0.9895833333333334,
                "averightinrows": 0.875,
                "dncg": 0.9952500000000001
            }
        }
    },
    "('data/realbenchmark/4.txt', 'PKCa')": {
        "oritime": 0.5609419345855713,
        "propercentage": {
            "0": {
                "protime": 0.5085494041442871,
                "averightrows": 0.9958333333333333,
                "averightinrows": 0.875,
                "dncg": 0.99755
            }
        }
    },
    "('data/realbenchmark/5.txt', 'Sic1')": {
        "oritime": 1.2685627937316895,
        "propercentage": {
            "0": {
                "protime": 1.127477216720581,
                "averightrows": 0.7302631578947368,
                "averightinrows": 0.8125,
                "dncg": 0.9634
            }
        }
    },
    "('data/realbenchmark/5.txt', 'Cdh1')": {
        "oritime": 1.2607548236846924,
        "propercentage": {
            "0": {
                "protime": 1.1151576519012452,
                "averightrows": 0.8223684210526316,
                "averightinrows": 0.796875,
                "dncg": 0.97115
            }
        }
    },
    "('data/realbenchmark/5.txt', 'Whi5')": {
        "oritime": 1.2674238681793213,
        "propercentage": {
            "0": {
                "protime": 0.6963435173034668,
                "averightrows": 0.9375,
                "averightinrows": 0.796875,
                "dncg": 0.9027000000000001
            }
        }
    },
    "('data/realbenchmark/6.txt', 'apoptosis')": {
        "oritime": 1.2889318466186523,
        "propercentage": {
            "0": {
                "protime": 0.17718257904052734,
                "averightrows": 0.8148148148148149,
                "averightinrows": 0.7083333333333333,
                "dncg": 0.9776
            }
        }
    },
    "('data/realbenchmark/6.txt', 'IKK')": {
        "oritime": 1.317795753479004,
        "propercentage": {
            "0": {
                "protime": 0.19337186813354493,
                "averightrows": 0.986111111111111,
                "averightinrows": 1.0,
                "dncg": 0.4906
            }
        }
    },
    "('data/realbenchmark/6.txt', 'ROS')": {
        "oritime": 1.3154799938201904,
        "propercentage": {
            "0": {
                "protime": 0.21620025634765624,
                "averightrows": 0.8472222222222221,
                "averightinrows": 0.6666666666666667,
                "dncg": 0.8827999999999999
            }
        }
    },
    "('data/realbenchmark/7.txt', 'Closure')": {
        "oritime": 11.496640682220459,
        "propercentage": {
            "0": {
                "protime": 2.1394850730896,
                "averightrows": 0.9186046511627908,
                "averightinrows": 0.8125,
                "dncg": 0.9429000000000001
            }
        }
    },
    "('data/realbenchmark/7.txt', 'Atrboh')": {
        "oritime": 11.527613878250122,
        "propercentage": {
            "0": {
                "protime": 0.7980142593383789,
                "averightrows": 0.9883720930232558,
                "averightinrows": 1.0,
                "dncg": 0.4739
            }
        }
    },
    "('data/realbenchmark/7.txt', 'CaIM')": {
        "oritime": 11.664859056472778,
        "propercentage": {
            "0": {
                "protime": 2.011140012741089,
                "averightrows": 0.9215116279069766,
                "averightinrows": 0.84375,
                "dncg": 0.8247500000000001
            }
        }
    },
    "('data/realbenchmark/8.txt', 'ERBB3')": {
        "oritime": 0.8837120532989502,
        "propercentage": {
            "0": {
                "protime": 0.31813654899597166,
                "averightrows": 1.0,
                "averightinrows": 0.96875,
                "dncg": 1.0
            }
        }
    },
    "('data/realbenchmark/8.txt', 'CyclinD1')": {
        "oritime": 0.9536759853363037,
        "propercentage": {
            "0": {
                "protime": 0.8897655963897705,
                "averightrows": 1.0,
                "averightinrows": 0.859375,
                "dncg": 1.0
            }
        }
    },
    "('data/realbenchmark/8.txt', 'FOXO1_3a')": {
        "oritime": 0.960211992263794,
        "propercentage": {
            "0": {
                "protime": 0.12007727622985839,
                "averightrows": 1.0,
                "averightinrows": 1.0,