{
    "('data/realbenchmark/cd4.txt', 'GATA3')": {
        "oritime": 131.4983720779419,
        "propercentage": {
            "0": {
                "protime": 32.80878572463989,
                "averightrows": 0.973606418918919,
                "averightinrows": 0.9730902777777779,
                "dncg": 0.77015
            },
            "5": {
                "protime": 49.86482176780701,
                "averightrows": 0.9756967905405405,
                "averightinrows": 0.9739583333333334,
                "dncg": 0.7906299999999999
            },
            "10": {
                "protime": 58.20101628303528,
                "averightrows": 0.9774704391891891,
                "averightinrows": 0.9729166666666667,
                "dncg": 0.7841099999999999
            },
            "15": {
                "protime": 79.20540952682495,
                "averightrows": 0.9800253378378379,
                "averightinrows": 0.9737847222222223,
                "dncg": 0.82589
            },
            "20": {
                "protime": 92.3934956073761,
                "averightrows": 0.9788640202702702,
                "averightinrows": 0.9737847222222221,
                "dncg": 0.7832700000000001
            },
            "25": {
                "protime": 94.35600934028625,
                "averightrows": 0.979518581081081,
                "averightinrows": 0.9732638888888889,
                "dncg": 0.80332
            },
            "30": {
                "protime": 116.18764643669128,
                "averightrows": 0.9813344594594593,
                "averightinrows": 0.9741319444444445,
                "dncg": 0.7855200000000001
            },
            "35": {
                "protime": 119.06708192825317,
                "averightrows": 0.9850717905405405,
                "averightinrows": 0.9756944444444444,
                "dncg": 0.89298
            },
            "40": {
                "protime": 134.5198290348053,
                "averightrows": 0.9853040540540541,
                "averightinrows": 0.9739583333333334,
                "dncg": 0.8308599999999998
            },
            "45": {
                "protime": 151.74626750946044,
                "averightrows": 0.9842905405405405,
                "averightinrows": 0.975,
                "dncg": 0.80435
            },
            "50": {
                "protime": 161.055814743042,
                "averightrows": 0.9875211148648649,
                "averightinrows": 0.9741319444444443,
                "dncg": 0.8519399999999999
            }
        }
    },
    "('data/realbenchmark/cd4.txt', 'Tbet')": {
        "oritime": 129.25944089889526,
        "propercentage": {
            "0": {
                "protime": 13.058871746063232,
                "averightrows": 0.9406672297297296,
                "averightinrows": 0.9105902777777779,
                "dncg": 0.9759499999999999
            },
            "5": {
                "protime": 32.402396059036256,
                "averightrows": 0.943918918918919,
                "averightinrows": 0.9086805555555555,
                "dncg": 0.97732
            },
            "10": {
                "protime": 42.26773653030396,
                "averightrows": 0.9491131756756757,
                "averightinrows": 0.9112847222222221,
                "dncg": 0.97912
            },
            "15": {
                "protime": 60.972849464416505,
                "averightrows": 0.9564611486486486,
                "averightinrows": 0.9092013888888889,
                "dncg": 0.98148
            },
            "20": {
                "protime": 70.1827663898468,
                "averightrows": 0.9538851351351351,
                "averightinrows": 0.9098090277777777,
                "dncg": 0.98002
            },
            "25": {
                "protime": 74.09650106430054,
                "averightrows": 0.9554476351351351,
                "averightinrows": 0.91015625,
                "dncg": 0.98184
            },
            "30": {
                "protime": 101.01516423225402,
                "averightrows": 0.9652871621621623,
                "averightinrows": 0.9144097222222222,
                "dncg": 0.98569
            },
            "35": {
                "protime": 105.57553582191467,
                "averightrows": 0.9641258445945946,
                "averightinrows": 0.9094618055555556,
                "dncg": 0.98436
            },
            "40": {
                "protime": 121.61292667388916,
                "averightrows": 0.9687922297297298,
                "averightinrows": 0.9115451388888889,
                "dncg": 0.9854499999999999
            },
            "45": {
                "protime": 120.92501449584961,
                "averightrows": 0.9715582770270272,
                "averightinrows": 0.909982638888889,
                "dncg": 0.9916599999999999
            },
            "50": {
                "protime": 138.67415924072264,
                "averightrows": 0.971853885135135,
                "averightinrows": 0.9130208333333332,
                "dncg": 0.9929400000000002
            }
        }
    },
    "('data/realbenchmark/cd4.txt', 'Foxp3')": {
        "oritime": 129.88028812408447,
        "propercentage": {
            "0": {
                "protime": 43.857461643219,
                "averightrows": 0.9725506756756757,
                "averightinrows": 0.970486111111111,
                "dncg": 0.94435
            },
            "5": {
                "protime": 58.23794407844544,
                "averightrows": 0.9730996621621621,
                "averightinrows": 0.970486111111111,
                "dncg": 0.94474
            },
            "10": {
                "protime": 70.69167556762696,
                "averightrows": 0.9744721283783784,
                "averightinrows": 0.9703125,
                "dncg": 0.9451600000000001
            },
            "15": {
                "protime": 89.55450205802917,
                "averightrows": 0.9759712837837838,
                "averightinrows": 0.970486111111111,
                "dncg": 0.9475
            },
            "20": {
                "protime": 86.9464192867279,
                "averightrows": 0.9749788851351351,
                "averightinrows": 0.9703125,
                "dncg": 0.9456900000000001
            },
            "25": {
                "protime": 111.4249053955078,
                "averightrows": 0.982179054054054,
                "averightinrows": 0.9729166666666668,
                "dncg": 0.95915
            },
            "30": {
                "protime": 126.00915169715881,
                "averightrows": 0.9846494932432431,
                "averightinrows": 0.9727430555555555,
                "dncg": 0.9619599999999998
            },
            "35": {
                "protime": 126.67502055168151,
                "averightrows": 0.9817989864864864,
                "averightinrows": 0.9729166666666668,
                "dncg": 0.95762
            },
            "40": {
                "protime": 366.0358129024506,
                "averightrows": 0.9869087837837839,
                "averightinrows": 0.9755208333333334,
                "dncg": 0.96904
            },
            "45": {
                "protime": 794.1331494808197,
                "averightrows": 0.983762668918919,
                "averightinrows": 0.9756944444444444,
                "dncg": 0.9655400000000001
            },
            "50": {
                "protime": 628.6791323661804,
                "averightrows": 0.9904138513513514,
                "averightinrows": 0.98125,
                "dncg": 0.9852000000000001
            }
        }
    },
    "('data/realbenchmark/hgf.txt', 'Akt')": {
        "oritime": 981.3367800712585,
        "propercentage": {
            "0": {
                "protime": 1.2930733680725097,
                "averightrows": 0.9962686567164181,